{"cameraMode":{"drawMode":0,"name":"Shaded","section":"Shading Mode"},"sceneLighting":true,"audioPlay":false,"sceneViewState":{"m_AlwaysRefresh":false,"showFog":true,"showSkybox":true,"showFlares":true,"showImageEffects":true,"showParticleSystems":true,"showVisualEffectGraphs":true,"m_FxEnabled":true},"in2DMode":false,"pivot":{"x":7.454631328582764,"y":-0.6538230776786804,"z":7.2474799156188969},"rotation":{"x":-0.0027101084124296905,"y":0.879017174243927,"z":-0.4769119620323181,"w":-0.005060188937932253},"size":35.18333435058594,"orthographic":false}